model,raw_mse_mean,std_mse_mean,raw_mse_delta_x,raw_mse_delta_x_dot,raw_mse_delta_theta,raw_mse_delta_theta_dot,std_mse_delta_x,std_mse_delta_x_dot,std_mse_delta_theta,std_mse_delta_theta_dot,split,action_limit,effective_force_at_limit,m_centres
sincos_affine,0.6974774375042445,0.2240206803328812,0.0011013993460598566,0.4501662623625059,0.005600237134348638,2.333041851174064,0.0032715764889345873,0.5510258425069752,0.0072093850423430705,0.3345759172932719,train,2.0,1.9933598924991163,160
sincos_sparse_kernel,0.06748493874719237,0.022391079977640845,5.509000815790144e-05,0.046032225969892364,0.0008329310981757048,0.22301950791254352,0.00016363835343589318,0.056345728719016615,0.001072261916135583,0.03198269092197528,train,2.0,1.9933598924991163,160
sincos_affine,0.7351761927607624,0.23402358829880243,0.0011970584250596864,0.4658781944162335,0.006594251506838592,2.467035266694918,0.0035557204689801052,0.5702580269711801,0.008489015203885609,0.35379159055116394,validation,2.0,1.9933598924991163,160
sincos_sparse_kernel,0.08428779746498005,0.028211701413596878,7.017843810801111e-05,0.058259822616364074,0.0011717165507278823,0.27764947225472025,0.00020845675001140106,0.07131291375104777,0.0015083925148226633,0.03981704263850567,validation,2.0,1.9933598924991163,160
sincos_affine,0.6955964725881028,0.21856532569111642,0.001096307683971553,0.4305202066585725,0.006039344716206718,2.3447300312936603,0.003256452308920059,0.5269780954826078,0.007774663896913445,0.33625209107602444,test,2.0,1.9933598924991163,160
sincos_sparse_kernel,0.07427242649616608,0.02533599852981615,6.213475758874782e-05,0.05302815682906742,0.0011005640480733552,0.24289885034993483,0.00018456394839910282,0.0649090952306838,0.0014167953599063831,0.03483353958027531,test,2.0,1.9933598924991163,160
sincos_affine,0.8087955547228909,0.21872342404499173,0.0011635099674141276,0.4522174009425776,0.0071605377538768965,2.7746407702276947,0.0034004095269213387,0.4973785642684911,0.009100450296200624,0.3650142720883538,train,5.0,4.898373248074183,160
sincos_sparse_kernel,0.06697970363086912,0.01955570941113697,5.1247267025975386e-05,0.04329076865458668,0.0008031755912223801,0.22377362301064146,0.00014977241270317665,0.04761404650643204,0.0010207696402527039,0.02943824908515996,train,5.0,4.898373248074183,160
sincos_affine,0.8304752502455237,0.22393070700298762,0.0011395347607686208,0.46196050654321785,0.007207493784698173,2.8515934658934103,0.003330340921262135,0.5080946752917778,0.009160127521471108,0.3751376842774395,validation,5.0,4.898373248074183,160
sincos_sparse_kernel,0.07971620015023145,0.024448237648108093,6.235278336744992e-05,0.056348124905333655,0.0009729064728583869,0.26148141643936634,0.00018222877717494708,0.061975389284489764,0.0012364835300681008,0.034398849000699554,validation,5.0,4.898373248074183,160
sincos_affine,0.8774958453051674,0.2412292703476564,0.0012176070626075763,0.5080830070486781,0.00683222636709351,2.9938505407422906,0.003558510688945245,0.5588232475096165,0.008683193721374093,0.39385212947068976,test,5.0,4.898373248074183,160
sincos_sparse_kernel,0.08200267754322269,0.024084924652726918,7.115833109606101e-05,0.0536666739196466,0.0008987208487590733,0.273374157073389,0.00020796338128210073,0.059026152393920193,0.001142199747478883,0.0359633830882265,test,5.0,4.898373248074183,160
sincos_affine,1.2884939726796787,0.22450381888300142,0.0011440462819094558,0.46151346871897886,0.012800510449471527,4.678517865268355,0.0034760441101701132,0.3645287323249709,0.01606758102439199,0.5139429180724726,train,10.0,9.242343145200195,160
sincos_sparse_kernel,0.07052048790422975,0.016262550322230153,5.66049356542509e-05,0.048394106324566595,0.0008635649048102504,0.23276767545188792,0.00017198714448782258,0.038224328055820954,0.0010839723253718285,0.025569913763240006,train,10.0,9.242343145200195,160
sincos_affine,1.2302590374695492,0.22182846013188517,0.0012313880615873877,0.4849992061016783,0.011631653736694189,4.423173901978237,0.0037414213799729836,0.3830790600100887,0.014600397351319835,0.48589296178615915,validation,10.0,9.242343145200195,160
sincos_sparse_kernel,0.08815678481796929,0.021644994280120216,7.967606873477982e-05,0.06815989533186055,0.0011009562290939777,0.2832866116421878,0.00024208594864255745,0.05383643582427053,0.0013819529686026632,0.03111950237896512,validation,10.0,9.242343145200195,160
sincos_affine,1.3136418541880077,0.2295639728467357,0.001118792877821538,0.4761790408874317,0.0121821881547874,4.7650873948319905,0.0033993147435967324,0.37611240819520075,0.01529144450950519,0.5234527239386401,test,10.0,9.242343145200195,160
sincos_sparse_kernel,0.0866787761653668,0.0200066956229418,7.223744172553875e-05,0.05977754623416998,0.000942110866721772,0.2859232101188499,0.0002194845941238671,0.04721559526902532,0.0011825655503946875,0.03140913707822333,test,10.0,9.242343145200195,160
sincos_affine,2.5920814608247253,0.23243683377961283,0.0013039678064240738,0.5308828890044206,0.026625376632056476,9.809513609856,0.0038634706493485935,0.2363541101318361,0.03274837243189412,0.6567813819053725,train,20.0,15.231883119115297,160
sincos_sparse_kernel,0.09062365632316988,0.012203216620460342,7.063602898729583e-05,0.06163720801919275,0.0008799368739176159,0.29990684437058185,0.0002092844803640826,0.0274414710930076,0.0010822945666397116,0.020079816341829974,train,20.0,15.231883119115297,160
sincos_affine,2.250383195162106,0.2099551314208497,0.0013421808791376933,0.5446903033056559,0.023402190865805337,8.432098105597824,0.003976690534167202,0.24250130226777009,0.028783955727144556,0.5645585771543169,validation,20.0,15.231883119115297,160
sincos_sparse_kernel,0.11242478277882088,0.016060664870094152,0.00010412036681105579,0.0861262213679234,0.0010786114825947326,0.36239017789795436,0.000308493798077021,0.038344212691819354,0.0013266580611972154,0.024263294929283023,validation,20.0,15.231883119115297,160
sincos_affine,2.7300377281678845,0.24346121802063503,0.0013705585948649455,0.544029488196346,0.028332397181762073,10.346418468698564,0.004060769658872329,0.24220710109768595,0.03484795380057039,0.6927290475254114,test,20.0,15.231883119115297,160
sincos_sparse_kernel,0.10500301458685302,0.014156602403365946,8.44338576409191e-05,0.07111352309217188,0.0011706630059208792,0.3476434383916784,0.00025016547893275316,0.031660416669880787,0.0014398785279146104,0.02327594893673563,test,20.0,15.231883119115297,160
sincos_affine,4.576618403769254,0.25903039818041185,0.001621115031248731,0.6691020452846848,0.04856282776871026,17.587187626992375,0.004809124727033962,0.17891751968612848,0.059347457226584875,0.7930474910819,train,40.0,19.280551601516336,160
sincos_sparse_kernel,0.18964045308585664,0.013998723769875588,0.00011300143204297934,0.08731589445082996,0.0017404599287801086,0.6693924565317735,0.0003352248116591294,0.023348222254606026,0.0021269739824420772,0.030184474030795123,train,40.0,19.280551601516336,160
sincos_affine,4.467372786240503,0.25619534151983725,0.0015992724800262712,0.7057356992141357,0.04880431555317248,17.11335185771468,0.0047443276267908575,0.1887133386412306,0.059642573607109006,0.7716811262042185,validation,40.0,19.280551601516336,160
sincos_sparse_kernel,0.2402495199399983,0.01792047878001772,0.000165742099074192,0.11356008699028718,0.0022250411814840553,0.8450472094891478,0.0004916828303999076,0.03036590493606763,0.0027191690108004166,0.038105158342802925,validation,40.0,19.280551601516336,160
sincos_affine,4.608659409042634,0.26250704017180543,0.0016945638076007838,0.6969003371991984,0.05003524976660163,17.686007485397134,0.005027014463244084,0.1863507676875442,0.06114686853672368,0.7975035099997098,test,40.0,19.280551601516336,160
sincos_sparse_kernel,0.22789959205560884,0.01665025684973729,0.00013989421764699475,0.10109017150069702,0.0022202199079649166,0.8081480825961264,0.0004150037031838551,0.02703145637800975,0.002713277049044859,0.036441290268710694,test,40.0,19.280551601516336,160
